<?xml version="1.0" encoding="UTF-8"?>
<configuration debug="false">
    <!--定义日志文件的存储地址 勿在 LogBack 的配置中使用相对路径-->
    <property name="LOG_HOME" value="${user.dir}/log/"/>
    <!-- 控制台输出 -->
    <appender name="STDOUT" class="ch.qos.logback.core.ConsoleAppender">
        <encoder class="ch.qos.logback.classic.encoder.PatternLayoutEncoder">
            <!--格式化输出：%d表示日期，%thread表示线程名，%-5level：级别从左显示5个字符宽度%msg：日志消息，%n是换行符-->
            <pattern>%d{yyyy-MM-dd HH:mm:ss.SSS} [%-5level] %logger{50} - %msg%n</pattern>
        </encoder>
    </appender>
    <!-- 按照每天生成日志文件 -->
    <appender name="FILE" class="ch.qos.logback.core.rolling.RollingFileAppender">
        <file>${LOG_HOME}/log.log</file>
        <!--如果是 true，日志被追加到文件结尾，如果是 false，清空现存文件，默认是true。-->
        <append>false</append>
        <rollingPolicy class="ch.qos.logback.core.rolling.TimeBasedRollingPolicy">
            <!--日志文件输出的文件名-->
            <FileNamePattern>${LOG_HOME}/log_%d{yyyy-MM-dd}.log</FileNamePattern>
            <!--日志文件保留天数-->
            <MaxHistory>30</MaxHistory>
        </rollingPolicy>
        <encoder class="ch.qos.logback.classic.encoder.PatternLayoutEncoder">
            <!--格式化输出：%d表示日期，%thread表示线程名，%-5level：级别从左显示5个字符宽度%msg：日志消息，%n是换行符-->
            <pattern>%d{yyyy-MM-dd HH:mm:ss.SSS} [%-5level] %logger{50} - %msg%n</pattern>
        </encoder>
        <!--日志文件最大的大小-->
        <triggeringPolicy class="ch.qos.logback.core.rolling.SizeBasedTriggeringPolicy">
            <MaxFileSize>10MB</MaxFileSize>
        </triggeringPolicy>
    </appender>

    <appender name="SYS_ERROR" class="ch.qos.logback.core.rolling.RollingFileAppender">
        <!--过滤器,只打ERROR级别的日志-->
        <filter class="ch.qos.logback.classic.filter.LevelFilter">
            <level>ERROR</level>
            <onMatch>ACCEPT</onMatch>
            <onMismatch>DENY</onMismatch>
        </filter>
        <file>${LOG_HOME}/error.log</file>
        <append>false</append>

        <rollingPolicy class="ch.qos.logback.core.rolling.TimeBasedRollingPolicy">
            <fileNamePattern>${LOG_HOME}/error_%d{yyyy-MM-dd}.log</fileNamePattern>
            <maxHistory>12</maxHistory>
            <!--<cleanHistoryOnStart>true</cleanHistoryOnStart>-->
        </rollingPolicy>

        <encoder charset="UTF-8">
            <pattern>%d{yyyy-MM-dd HH:mm:ss.SSS} [%-5level] %logger{50} - %msg%n</pattern>
            <charset>UTF-8</charset>
        </encoder>
    </appender>



    <!--日志打印的包的范围，及分类日志文件存储 -->
    <logger name="com.mytlx.compiler" additivity="false">
        <level value="TRACE"/>
        <appender-ref ref="STDOUT"/>
        <appender-ref ref="SYS_ERROR"/>
        <appender-ref ref="FILE"/>
    </logger>

    <!-- 日志输出级别 -->
    <!--<root level="TRACE">-->
    <!--<appender-ref ref="STDOUT"/>-->
    <!--<appender-ref ref="FILE"/>-->
    <!--<appender-ref ref="SYS_ERROR"/>-->
    <!--</root>-->
</configuration>